Date,Low,Open,Volume,High,Close,Adjusted Close
20-09-2019,22.0,22.0,73482,23.100000381469727,23.100000381469727,21.231565475463867
23-09-2019,24.25,24.25,20530,24.25,24.25,22.288545608520508
24-09-2019,25.450000762939453,25.450000762939453,11034,25.450000762939453,25.450000762939453,23.3914852142334
25-09-2019,26.700000762939453,26.700000762939453,272034,26.700000762939453,26.700000762939453,24.540380477905273
26-09-2019,28.0,28.0,141567,28.0,28.0,25.7352294921875
27-09-2019,29.399999618530273,29.399999618530273,62367,29.399999618530273,29.399999618530273,27.021991729736328
30-09-2019,30.850000381469727,30.850000381469727,1677470,30.850000381469727,30.850000381469727,28.354707717895508
01-10-2019,29.350000381469727,30.5,272123,30.5,29.350000381469727,26.97603416442871
03-10-2019,27.899999618530273,27.899999618530273,466513,30.649999618530273,27.899999618530273,25.64331817626953
04-10-2019,26.549999237060547,26.75,101140,29.200000762939453,26.549999237060547,24.402511596679688
07-10-2019,23.5,25.0,456262,29.5,25.200000762939453,23.161706924438477
09-10-2019,22.0,24.200000762939453,240875,26.899999618530273,23.25,21.36943244934082
10-10-2019,20.5,23.25,178087,25.5,22.549999237060547,20.726049423217773
11-10-2019,20.549999237060547,22.950000762939453,132637,22.950000762939453,20.700000762939453,19.02568817138672
14-10-2019,19.049999237060547,21.850000381469727,251506,21.850000381469727,19.649999618530273,18.060617446899414
15-10-2019,19.049999237060547,19.649999618530273,502589,20.399999618530273,19.25,17.692970275878906
16-10-2019,19.25,19.649999618530273,565589,21.149999618530273,20.799999237060547,19.117597579956055
17-10-2019,20.25,20.25,476617,22.399999618530273,22.100000381469727,20.312450408935547
18-10-2019,22.0,22.200000762939453,404452,24.25,23.850000381469727,21.920900344848633
22-10-2019,24.350000381469727,24.350000381469727,591401,26.200000762939453,26.149999618530273,24.034866333007812
23-10-2019,24.850000381469727,26.899999618530273,250807,26.899999618530273,25.450000762939453,23.3914852142334
24-10-2019,24.600000381469727,24.600000381469727,324748,26.700000762939453,26.700000762939453,24.540380477905273
25-10-2019,27.0,28.0,1310711,28.0,28.0,25.7352294921875
27-10-2019,29.399999618530273,29.399999618530273,117488,29.399999618530273,29.399999618530273,27.021991729736328
29-10-2019,28.049999237060547,30.850000381469727,653984,30.850000381469727,30.850000381469727,28.354707717895508
30-10-2019,29.350000381469727,29.350000381469727,588799,31.700000762939453,29.399999618530273,27.021991729736328
31-10-2019,28.549999237060547,29.0,281674,30.100000381469727,29.700000762939453,27.297727584838867
01-11-2019,28.549999237060547,29.600000381469727,180990,29.600000381469727,29.100000381469727,26.746257781982422
04-11-2019,28.200000762939453,29.100000381469727,284638,30.399999618530273,29.950000762939453,27.52750587463379
05-11-2019,28.75,29.899999618530273,144323,30.399999618530273,28.950000762939453,26.608388900756836
06-11-2019,27.549999237060547,29.950000762939453,173284,29.950000762939453,27.549999237060547,25.321624755859375
07-11-2019,26.350000381469727,27.049999237060547,143305,28.700000762939453,26.950000762939453,24.770158767700195
08-11-2019,25.649999618530273,25.649999618530273,395226,27.399999618530273,26.350000381469727,24.21868896484375
11-11-2019,25.549999237060547,26.0,167390,26.950000762939453,25.950000762939453,23.851045608520508
13-11-2019,25.25,26.450000762939453,82122,26.450000762939453,25.649999618530273,23.575307846069336
14-11-2019,25.100000381469727,25.100000381469727,83084,26.350000381469727,25.799999237060547,23.713176727294922
15-11-2019,25.25,25.700000762939453,160846,26.450000762939453,25.5,23.437440872192383
18-11-2019,25.049999237060547,25.5,246527,25.799999237060547,25.200000762939453,23.161706924438477
19-11-2019,24.149999618530273,25.200000762939453,195335,25.549999237060547,24.200000762939453,22.242591857910156
20-11-2019,23.799999237060547,24.700000762939453,164027,25.100000381469727,23.899999618530273,21.966856002807617
21-11-2019,23.399999618530273,24.700000762939453,164199,24.700000762939453,23.450000762939453,21.553255081176758
22-11-2019,23.350000381469727,23.350000381469727,283999,24.299999237060547,23.649999618530273,21.737077713012695
25-11-2019,22.5,23.649999618530273,415244,24.25,22.600000381469727,20.772005081176758
26-11-2019,22.100000381469727,22.600000381469727,2576175,23.700000762939453,22.850000381469727,21.001785278320312
27-11-2019,22.100000381469727,23.0,1617131,23.950000762939453,23.450000762939453,21.553255081176758
28-11-2019,24.100000381469727,24.600000381469727,2982162,24.600000381469727,24.600000381469727,22.610239028930664
29-11-2019,25.799999237060547,25.799999237060547,105105,25.799999237060547,25.799999237060547,23.713176727294922
02-12-2019,27.049999237060547,27.049999237060547,387544,27.049999237060547,27.049999237060547,24.862070083618164
03-12-2019,26.0,28.0,1804136,28.399999618530273,28.0,25.7352294921875
04-12-2019,27.5,28.299999237060547,1572926,29.399999618530273,29.399999618530273,27.021991729736328
05-12-2019,29.399999618530273,30.200000762939453,418527,30.850000381469727,30.850000381469727,28.354707717895508
06-12-2019,29.549999237060547,32.349998474121094,1041699,32.349998474121094,32.349998474121094,29.733379364013672
09-12-2019,30.75,33.400001525878906,576565,33.95000076293945,33.95000076293945,31.203969955444336
10-12-2019,32.29999923706055,33.79999923706055,779867,34.70000076293945,32.29999923706055,29.68742561340332
11-12-2019,30.700000762939453,30.700000762939453,851220,33.400001525878906,31.450000762939453,28.906177520751953
12-12-2019,31.450000762939453,31.450000762939453,196236,33.0,32.900001525878906,30.238895416259766
13-12-2019,32.150001525878906,33.599998474121094,179602,34.5,34.5,31.709482192993164
16-12-2019,34.5,36.20000076293945,933274,36.20000076293945,36.20000076293945,33.271976470947266
17-12-2019,37.0,37.20000076293945,289482,38.0,38.0,34.9263801574707
18-12-2019,37.04999923706055,39.900001525878906,982779,39.900001525878906,39.150001525878906,35.983367919921875
19-12-2019,37.20000076293945,39.79999923706055,593635,40.849998474121094,39.099998474121094,35.937408447265625
20-12-2019,38.20000076293945,39.5,252429,40.599998474121094,38.70000076293945,35.569766998291016
23-12-2019,36.79999923706055,39.900001525878906,120265,39.900001525878906,37.54999923706055,34.512779235839844
24-12-2019,36.400001525878906,36.45000076293945,399436,39.400001525878906,39.400001525878906,36.2131462097168
26-12-2019,39.04999923706055,41.349998474121094,503568,41.349998474121094,39.599998474121094,36.396968841552734
27-12-2019,39.0,41.0,230579,41.0,39.150001525878906,35.983367919921875
30-12-2019,38.70000076293945,40.400001525878906,1247097,40.400001525878906,39.20000076293945,36.029319763183594
31-12-2019,38.599998474121094,39.79999923706055,412027,41.150001525878906,40.70000076293945,37.40799331665039
01-01-2020,41.0,41.0,89467,42.70000076293945,42.70000076293945,39.24622344970703
02-01-2020,44.0,44.79999923706055,324862,44.79999923706055,44.79999923706055,41.176368713378906
03-01-2020,47.0,47.0,25804,47.0,47.0,43.198421478271484
06-01-2020,48.5,49.349998474121094,1294163,49.349998474121094,49.349998474121094,45.358341217041016
07-01-2020,51.5,51.79999923706055,179989,51.79999923706055,51.79999923706055,47.610172271728516
08-01-2020,54.0,54.349998474121094,433814,54.349998474121094,54.349998474121094,49.95391845703125
09-01-2020,57.04999923706055,57.04999923706055,79647,57.04999923706055,57.04999923706055,52.43552780151367
10-01-2020,54.20000076293945,59.900001525878906,2051617,59.900001525878906,54.20000076293945,49.8160514831543
13-01-2020,51.5,51.5,89971,51.5,51.5,47.33443832397461
14-01-2020,48.95000076293945,48.95000076293945,2431580,53.79999923706055,48.95000076293945,44.99069595336914
15-01-2020,46.54999923706055,48.95000076293945,827173,49.900001525878906,46.54999923706055,42.78481674194336
16-01-2020,45.099998474121094,45.099998474121094,547215,48.849998474121094,48.849998474121094,44.89878463745117
17-01-2020,47.5,51.25,1421026,51.25,51.25,47.10466003417969
20-01-2020,48.70000076293945,51.75,819439,52.20000076293945,49.0,45.036651611328125
21-01-2020,46.599998474121094,46.599998474121094,788175,51.45000076293945,51.400001525878906,47.242530822753906
22-01-2020,49.25,52.5,471261,52.849998474121094,49.75,45.725990295410156
23-01-2020,49.20000076293945,50.900001525878906,532681,52.20000076293945,52.20000076293945,47.97782516479492
24-01-2020,50.5,53.150001525878906,891810,54.79999923706055,54.650001525878906,50.22965621948242
27-01-2020,53.5,54.0,1329095,57.349998474121094,55.95000076293945,51.424503326416016
28-01-2020,53.20000076293945,56.79999923706055,624044,56.79999923706055,53.20000076293945,48.896934509277344
29-01-2020,50.54999923706055,52.04999923706055,708019,54.5,52.150001525878906,47.93186950683594
30-01-2020,50.0,52.70000076293945,516102,53.650001525878906,51.70000076293945,47.51826477050781
31-01-2020,51.150001525878906,51.70000076293945,421670,53.79999923706055,53.0,48.713111877441406
03-02-2020,47.900001525878906,49.099998474121094,486380,51.95000076293945,50.45000076293945,46.36936569213867
04-02-2020,48.79999923706055,51.25,569521,51.849998474121094,49.349998474121094,45.358341217041016
05-02-2020,48.599998474121094,50.79999923706055,429325,50.79999923706055,49.099998474121094,45.128562927246094
06-02-2020,49.349998474121094,49.900001525878906,455574,51.54999923706055,51.54999923706055,47.380393981933594
07-02-2020,50.5,52.599998474121094,709404,53.45000076293945,50.900001525878906,46.7829704284668
10-02-2020,53.400001525878906,53.400001525878906,208152,53.400001525878906,53.400001525878906,49.08076095581055
11-02-2020,54.0,56.04999923706055,1701485,56.04999923706055,56.04999923706055,51.516414642333984
12-02-2020,56.650001525878906,58.849998474121094,1509208,58.849998474121094,58.849998474121094,54.089935302734375
13-02-2020,57.20000076293945,58.70000076293945,648894,59.650001525878906,59.650001525878906,56.75400161743164
14-02-2020,56.70000076293945,61.79999923706055,1550006,62.599998474121094,56.70000076293945,53.94722366333008
17-02-2020,53.900001525878906,53.900001525878906,631940,56.099998474121094,53.900001525878906,51.28316116333008
18-02-2020,51.29999923706055,52.0,583226,56.54999923706055,56.54999923706055,53.80450439453125
19-02-2020,54.5,57.95000076293945,556485,59.20000076293945,56.20000076293945,53.47149658203125
20-02-2020,55.70000076293945,56.20000076293945,257095,58.20000076293945,56.20000076293945,53.47149658203125
24-02-2020,53.400001525878906,57.0,443028,57.0,53.400001525878906,50.807437896728516
25-02-2020,50.75,52.599998474121094,596075,54.5,51.25,48.761817932128906
26-02-2020,50.400001525878906,51.849998474121094,894666,53.79999923706055,53.25,50.66471862792969
27-02-2020,50.599998474121094,52.5,396077,52.95000076293945,51.900001525878906,49.38026428222656
28-02-2020,49.349998474121094,49.599998474121094,394688,49.95000076293945,49.349998474121094,46.954063415527344
02-03-2020,46.900001525878906,51.29999923706055,778124,51.29999923706055,47.599998474121094,45.28902053833008
03-03-2020,45.25,49.25,661798,49.25,47.099998474121094,44.81330108642578
04-03-2020,44.75,48.099998474121094,522484,48.099998474121094,45.45000076293945,43.243408203125
05-03-2020,45.5,45.5,450848,47.70000076293945,47.70000076293945,45.38417053222656
06-03-2020,45.349998474121094,45.349998474121094,462413,47.45000076293945,46.75,44.48029327392578
09-03-2020,44.45000076293945,45.0,161487,45.099998474121094,44.45000076293945,42.29195785522461
11-03-2020,42.25,44.349998474121094,375570,46.0,42.25,40.19876480102539
12-03-2020,40.150001525878906,40.150001525878906,28583,40.150001525878906,40.150001525878906,38.200721740722656
13-03-2020,38.150001525878906,38.150001525878906,569032,39.95000076293945,38.150001525878906,36.297821044921875
16-03-2020,36.25,36.29999923706055,54837,36.79999923706055,36.25,34.49006652832031
17-03-2020,34.45000076293945,34.45000076293945,203585,35.70000076293945,34.45000076293945,32.77745819091797
18-03-2020,32.75,32.75,36449,32.75,32.75,31.159990310668945
19-03-2020,31.149999618530273,31.149999618530273,16353,31.149999618530273,31.149999618530273,29.637670516967773
20-03-2020,29.600000381469727,29.600000381469727,741940,31.700000762939453,30.350000381469727,28.876510620117188
23-03-2020,28.850000381469727,28.850000381469727,30965,28.850000381469727,28.850000381469727,27.4493350982666
24-03-2020,27.450000762939453,27.450000762939453,43118,27.450000762939453,27.450000762939453,26.117307662963867
25-03-2020,26.100000381469727,26.100000381469727,216265,28.799999237060547,28.799999237060547,27.401763916015625
26-03-2020,27.399999618530273,30.100000381469727,415395,30.200000762939453,30.200000762939453,28.733793258666992
27-03-2020,30.5,31.700000762939453,399220,31.700000762939453,31.100000381469727,29.590099334716797
30-03-2020,29.549999237060547,30.5,218711,32.599998474121094,29.600000381469727,28.16292381286621
31-03-2020,30.200000762939453,30.600000381469727,137921,31.049999237060547,31.049999237060547,29.542526245117188
01-04-2020,31.5,32.599998474121094,240776,32.599998474121094,32.599998474121094,31.01727294921875
03-04-2020,33.099998474121094,34.20000076293945,103799,34.20000076293945,34.20000076293945,32.53959655761719
07-04-2020,35.20000076293945,35.900001525878906,44503,35.900001525878906,35.900001525878906,34.15705871582031
08-04-2020,37.0,37.650001525878906,124950,37.650001525878906,37.650001525878906,35.82209777832031
09-04-2020,36.29999923706055,39.5,541303,39.5,37.54999923706055,35.726951599121094
13-04-2020,35.70000076293945,37.54999923706055,154882,37.54999923706055,35.70000076293945,33.96677017211914
15-04-2020,33.95000076293945,35.5,240921,36.900001525878906,33.95000076293945,32.301734924316406
16-04-2020,32.5,32.900001525878906,287551,33.95000076293945,33.04999923706055,31.445425033569336
17-04-2020,34.0,34.0,180542,34.70000076293945,34.70000076293945,33.01531982421875
20-04-2020,34.70000076293945,36.29999923706055,357785,36.400001525878906,36.04999923706055,34.29977798461914
21-04-2020,34.25,35.45000076293945,107524,35.5,34.349998474121094,32.68231201171875
22-04-2020,32.650001525878906,33.04999923706055,204615,35.150001525878906,33.400001525878906,31.77843475341797
23-04-2020,33.45000076293945,34.45000076293945,452942,35.04999923706055,35.04999923706055,33.348323822021484
24-04-2020,33.29999923706055,35.04999923706055,180350,35.04999923706055,33.599998474121094,31.96872329711914
27-04-2020,33.20000076293945,33.900001525878906,151306,34.95000076293945,33.5,31.873579025268555
28-04-2020,32.29999923706055,34.349998474121094,181335,34.349998474121094,33.25,31.63571548461914
29-04-2020,32.849998474121094,34.0,235016,34.04999923706055,33.599998474121094,31.96872329711914
30-04-2020,33.599998474121094,34.150001525878906,251467,35.150001525878906,34.5,32.82503128051758
04-05-2020,32.79999923706055,33.45000076293945,134960,33.70000076293945,32.79999923706055,31.207561492919922
05-05-2020,31.200000762939453,33.79999923706055,98689,33.79999923706055,31.350000381469727,29.82796287536621
06-05-2020,29.799999237060547,32.0,245852,32.900001525878906,31.200000762939453,29.685245513916016
07-05-2020,30.049999237060547,30.5,168623,32.650001525878906,32.349998474121094,30.779409408569336
08-05-2020,32.0,33.75,134412,33.75,32.25,30.684267044067383
11-05-2020,31.450000762939453,33.0,113246,33.0,31.75,30.208539962768555
12-05-2020,30.549999237060547,32.25,142028,32.25,31.600000381469727,30.06582260131836
13-05-2020,31.75,33.150001525878906,328025,33.150001525878906,33.150001525878906,31.540573120117188
14-05-2020,32.29999923706055,34.29999923706055,237739,34.29999923706055,32.599998474121094,31.01727294921875
15-05-2020,33.0,33.79999923706055,667416,34.20000076293945,34.099998474121094,32.44445037841797
18-05-2020,32.400001525878906,33.0,57065,33.0,32.400001525878906,30.82698631286621
19-05-2020,30.799999237060547,30.799999237060547,285114,32.0,30.799999237060547,29.304662704467773
20-05-2020,29.299999237060547,29.450000762939453,662630,30.549999237060547,29.950000762939453,28.49593162536621
21-05-2020,30.0,30.049999237060547,251128,31.399999618530273,30.200000762939453,28.733793258666992
22-05-2020,29.25,30.700000762939453,260534,30.700000762939453,29.350000381469727,27.925060272216797
26-05-2020,29.600000381469727,30.0,302838,30.549999237060547,30.049999237060547,28.591075897216797
27-05-2020,29.100000381469727,31.0,369807,31.549999237060547,29.649999618530273,28.210494995117188
28-05-2020,29.200000762939453,29.649999618530273,517679,30.049999237060547,29.25,27.82991600036621
29-05-2020,28.850000381469727,29.75,225528,29.899999618530273,29.399999618530273,27.972633361816406
01-06-2020,29.350000381469727,29.649999618530273,804942,30.850000381469727,29.700000762939453,28.25806999206543
02-06-2020,29.700000762939453,29.700000762939453,718261,31.149999618530273,31.149999618530273,29.637670516967773
03-06-2020,30.5,32.54999923706055,1916646,32.70000076293945,31.200000762939453,29.685245513916016
04-06-2020,29.950000762939453,31.0,695745,31.299999237060547,30.100000381469727,28.638647079467773
05-06-2020,29.649999618530273,31.700000762939453,5177149,35.5,34.150001525878906,32.49202346801758
08-06-2020,34.099998474121094,37.0,2107532,37.599998474121094,34.5,32.82503128051758
09-06-2020,33.79999923706055,35.650001525878906,1048069,36.79999923706055,34.20000076293945,32.53959655761719
10-06-2020,33.54999923706055,34.349998474121094,558524,34.79999923706055,34.25,32.5871696472168
11-06-2020,33.099998474121094,34.0,876711,37.20000076293945,34.5,32.82503128051758
12-06-2020,32.70000076293945,32.70000076293945,731910,33.95000076293945,33.54999923706055,31.92115020751953
15-06-2020,33.0,33.849998474121094,417019,34.900001525878906,33.70000076293945,32.06386947631836
16-06-2020,33.099998474121094,34.20000076293945,883391,34.849998474121094,33.900001525878906,32.2541618347168
17-06-2020,33.54999923706055,33.79999923706055,3662989,39.70000076293945,37.900001525878906,36.059959411621094
18-06-2020,38.400001525878906,39.0,2475278,42.5,40.79999923706055,38.81916427612305
19-06-2020,38.0,42.150001525878906,1534465,42.150001525878906,39.099998474121094,37.201698303222656
22-06-2020,39.0,39.0,985194,41.400001525878906,39.599998474121094,37.677425384521484
23-06-2020,38.599998474121094,39.95000076293945,1252170,40.900001525878906,39.849998474121094,37.915283203125
24-06-2020,37.650001525878906,40.25,1735393,40.849998474121094,38.20000076293945,36.345394134521484
25-06-2020,37.150001525878906,37.900001525878906,8419996,45.79999923706055,45.79999923706055,43.576412200927734
26-06-2020,42.54999923706055,47.95000076293945,2540603,47.95000076293945,44.0,41.86380386352539
29-06-2020,42.54999923706055,42.650001525878906,1627316,45.0,43.099998474121094,41.00749588012695
30-06-2020,42.150001525878906,44.900001525878906,1481927,45.400001525878906,42.849998474121094,40.76963424682617
01-07-2020,42.75,42.75,2138977,46.5,45.849998474121094,43.623985290527344
02-07-2020,44.29999923706055,46.349998474121094,1876380,48.20000076293945,46.849998474121094,44.575435638427734
03-07-2020,46.0,47.79999923706055,485384,47.79999923706055,46.25,44.00456619262695
06-07-2020,45.150001525878906,46.75,460981,46.849998474121094,45.5,43.290977478027344
07-07-2020,44.099998474121094,45.54999923706055,938893,46.79999923706055,45.599998474121094,43.38612365722656
08-07-2020,43.20000076293945,45.599998474121094,786421,46.0,44.0,41.86380386352539
09-07-2020,44.04999923706055,44.849998474121094,3384788,50.900001525878906,48.95000076293945,46.573482513427734
10-07-2020,46.70000076293945,49.5,1901490,51.0,48.79999923706055,46.430763244628906
13-07-2020,47.70000076293945,49.5,1477474,51.79999923706055,50.54999923706055,48.095802307128906
14-07-2020,49.349998474121094,49.79999923706055,1531933,52.400001525878906,50.0,47.57250213623047
15-07-2020,50.0,50.0,1927195,54.0,51.20000076293945,48.7142448425293
16-07-2020,51.29999923706055,51.5,3229221,57.79999923706055,57.04999923706055,54.28022766113281
17-07-2020,54.849998474121094,57.650001525878906,5026469,59.75,56.099998474121094,53.37635040283203
20-07-2020,44.900001525878906,53.95000076293945,9461115,53.95000076293945,45.0,42.81525421142578
21-07-2020,39.5,44.95000076293945,10035774,44.95000076293945,42.70000076293945,40.62691879272461
22-07-2020,42.5,42.5,3947430,47.25,46.45000076293945,44.19485855102539
23-07-2020,44.45000076293945,46.650001525878906,1602652,47.29999923706055,44.849998474121094,42.67253494262695
24-07-2020,43.29999923706055,44.45000076293945,806550,45.25,43.70000076293945,41.578369140625
27-07-2020,39.70000076293945,43.20000076293945,1449079,43.400001525878906,40.650001525878906,38.676448822021484
28-07-2020,39.5,40.25,872332,41.70000076293945,39.70000076293945,37.77256774902344
29-07-2020,38.599998474121094,39.599998474121094,734172,41.0,40.45000076293945,38.48615646362305
30-07-2020,39.70000076293945,40.45000076293945,759979,41.599998474121094,39.95000076293945,38.01042938232422
31-07-2020,38.25,39.95000076293945,505265,40.599998474121094,38.79999923706055,36.916263580322266
03-08-2020,38.599998474121094,39.650001525878906,333418,40.45000076293945,40.0,38.05800247192383
04-08-2020,39.400001525878906,40.400001525878906,896867,42.70000076293945,40.20000076293945,38.248294830322266
05-08-2020,39.650001525878906,40.650001525878906,616499,41.54999923706055,39.95000076293945,38.01042938232422
06-08-2020,39.70000076293945,40.400001525878906,790198,41.650001525878906,40.650001525878906,38.676448822021484
07-08-2020,39.900001525878906,41.400001525878906,663118,41.400001525878906,40.25,38.29586410522461
10-08-2020,40.099998474121094,41.0,1319389,41.20000076293945,40.25,38.29586410522461
11-08-2020,39.5,40.5,768896,41.0,39.599998474121094,37.677425384521484
12-08-2020,39.04999923706055,39.5,567414,40.54999923706055,40.04999923706055,38.10557556152344
13-08-2020,39.75,40.75,342231,40.75,40.150001525878906,38.200721740722656
14-08-2020,39.25,40.25,340645,40.25,39.5,37.582279205322266
17-08-2020,39.599998474121094,39.900001525878906,470849,40.849998474121094,40.25,38.29586410522461
18-08-2020,40.20000076293945,40.45000076293945,1714206,42.900001525878906,42.5,40.43662643432617
19-08-2020,42.900001525878906,43.20000076293945,1179905,44.20000076293945,43.20000076293945,41.10264587402344
20-08-2020,41.54999923706055,42.900001525878906,527029,43.70000076293945,43.04999923706055,40.95992660522461
21-08-2020,43.0,43.849998474121094,738216,44.70000076293945,43.349998474121094,41.245361328125
24-08-2020,43.0,43.349998474121094,2070919,46.650001525878906,46.20000076293945,43.95699691772461
25-08-2020,43.95000076293945,46.70000076293945,1053107,46.900001525878906,44.349998474121094,42.19681167602539
26-08-2020,43.45000076293945,44.04999923706055,1609145,46.849998474121094,45.599998474121094,43.38612365722656
27-08-2020,44.20000076293945,45.95000076293945,1093720,46.400001525878906,44.5,42.33953094482422
28-08-2020,44.150001525878906,44.150001525878906,928390,46.099998474121094,44.5,42.33953094482422
31-08-2020,39.29999923706055,44.29999923706055,1192131,45.25,41.599998474121094,39.580322265625
01-09-2020,40.04999923706055,43.0,452734,43.0,41.04999923706055,39.05702590942383
02-09-2020,39.599998474121094,41.5,537885,41.70000076293945,40.5,38.533729553222656
03-09-2020,40.400001525878906,41.0,182737,41.29999923706055,40.54999923706055,38.581298828125
04-09-2020,39.599998474121094,40.099998474121094,476631,40.900001525878906,39.75,37.82014083862305
07-09-2020,38.5,40.0,350254,40.400001525878906,38.599998474121094,36.72597122192383
08-09-2020,36.5,39.5,434037,39.5,37.29999923706055,35.48908615112305
09-09-2020,35.849998474121094,37.5,370631,37.5,36.75,34.96579360961914
10-09-2020,37.650001525878906,38.25,356273,39.29999923706055,38.20000076293945,36.345394134521484
11-09-2020,37.79999923706055,39.54999923706055,674257,39.75,37.95000076293945,36.1075325012207
14-09-2020,38.150001525878906,38.150001525878906,821784,40.70000076293945,38.79999923706055,36.916263580322266
15-09-2020,37.75,39.04999923706055,444951,39.849998474121094,38.20000076293945,36.345394134521484
16-09-2020,38.0,38.45000076293945,187807,38.95000076293945,38.650001525878906,36.7735481262207
17-09-2020,37.900001525878906,38.849998474121094,250033,38.849998474121094,38.0,36.15510177612305
18-09-2020,38.150001525878906,38.25,1508292,40.95000076293945,39.54999923706055,37.629852294921875
21-09-2020,39.599998474121094,39.79999923706055,3212183,45.5,41.75,39.72304153442383
22-09-2020,39.79999923706055,42.25,1071119,42.79999923706055,40.0,38.05800247192383
23-09-2020,39.650001525878906,40.70000076293945,735652,41.54999923706055,40.0,38.05800247192383
24-09-2020,38.5,39.29999923706055,312150,39.95000076293945,38.599998474121094,36.72597122192383
25-09-2020,38.150001525878906,39.099998474121094,480700,39.5,38.29999923706055,36.44053649902344
28-09-2020,37.79999923706055,38.650001525878906,531866,39.5,37.95000076293945,36.1075325012207
29-09-2020,37.0,38.54999923706055,628854,38.70000076293945,38.150001525878906,36.297821044921875
30-09-2020,37.79999923706055,38.5,460569,39.75,38.79999923706055,36.916263580322266
01-10-2020,38.54999923706055,39.45000076293945,699471,40.0,39.04999923706055,37.15412521362305
05-10-2020,37.849998474121094,39.04999923706055,362388,39.400001525878906,37.95000076293945,36.1075325012207
06-10-2020,37.70000076293945,38.25,316945,38.75,37.900001525878906,36.059959411621094
07-10-2020,37.0,38.150001525878906,498188,38.400001525878906,37.79999923706055,35.964813232421875
08-10-2020,37.54999923706055,37.95000076293945,498212,38.900001525878906,37.95000076293945,36.1075325012207
09-10-2020,37.5,37.70000076293945,242876,38.25,37.75,35.917240142822266
12-10-2020,37.599998474121094,38.0,341872,38.70000076293945,37.70000076293945,35.869667053222656
13-10-2020,37.29999923706055,37.599998474121094,312237,38.20000076293945,37.45000076293945,35.631805419921875
14-10-2020,37.29999923706055,37.45000076293945,147998,38.20000076293945,37.75,35.917240142822266
15-10-2020,37.0,37.900001525878906,238168,38.45000076293945,37.20000076293945,35.393943786621094
16-10-2020,36.79999923706055,37.849998474121094,273354,38.0,37.5,35.679378509521484
19-10-2020,40.29999923706055,40.54999923706055,4083992,43.79999923706055,41.0,39.00945281982422
20-10-2020,39.04999923706055,40.95000076293945,930190,41.20000076293945,40.04999923706055,38.10557556152344
21-10-2020,39.54999923706055,40.70000076293945,719441,40.95000076293945,40.0,38.05800247192383
22-10-2020,39.54999923706055,39.54999923706055,367737,40.45000076293945,40.150001525878906,38.200721740722656
23-10-2020,39.650001525878906,40.45000076293945,737514,40.5,40.099998474121094,38.15314483642578
26-10-2020,37.599998474121094,40.0,796871,41.849998474121094,38.70000076293945,36.82112121582031
27-10-2020,38.70000076293945,39.599998474121094,562951,41.099998474121094,40.099998474121094,38.15314483642578
28-10-2020,38.79999923706055,40.20000076293945,210935,40.45000076293945,39.150001525878906,37.24927520751953
29-10-2020,38.5,39.349998474121094,156349,39.599998474121094,38.849998474121094,36.963836669921875
30-10-2020,38.20000076293945,39.0,682978,39.900001525878906,39.45000076293945,37.53470993041992
02-11-2020,38.54999923706055,40.349998474121094,170411,40.349998474121094,38.75,36.868690490722656
03-11-2020,38.150001525878906,39.0,361589,39.5,38.400001525878906,36.53568649291992
04-11-2020,38.04999923706055,38.45000076293945,334336,38.70000076293945,38.150001525878906,36.297821044921875
05-11-2020,38.04999923706055,38.5,391949,39.5,38.45000076293945,36.583255767822266
06-11-2020,38.54999923706055,39.04999923706055,292188,39.5,38.599998474121094,36.72597122192383
09-11-2020,38.599998474121094,41.599998474121094,349847,41.599998474121094,39.70000076293945,37.77256774902344
10-11-2020,39.400001525878906,40.599998474121094,524659,40.70000076293945,40.29999923706055,38.34343719482422
11-11-2020,39.29999923706055,40.29999923706055,311498,40.5,40.0,38.05800247192383
12-11-2020,39.5,39.900001525878906,232890,40.54999923706055,40.29999923706055,38.34343719482422
13-11-2020,40.5,40.95000076293945,739513,42.0,41.599998474121094,39.580322265625
14-11-2020,41.599998474121094,42.29999923706055,216109,42.5,41.849998474121094,39.81818771362305
17-11-2020,41.150001525878906,42.95000076293945,1859018,43.75,42.25,40.19876480102539
18-11-2020,44.70000076293945,45.599998474121094,4221566,47.29999923706055,46.70000076293945,44.43272018432617
19-11-2020,45.099998474121094,46.0,957771,46.70000076293945,45.29999923706055,43.10068893432617
20-11-2020,45.25,46.25,711000,46.400001525878906,45.79999923706055,43.576412200927734
23-11-2020,42.79999923706055,46.0,1967544,46.0,43.45000076293945,41.34050750732422
24-11-2020,43.0,43.650001525878906,546128,44.5,44.099998474121094,41.95895004272461
25-11-2020,43.5,44.0,609812,44.900001525878906,43.849998474121094,41.72108459472656
26-11-2020,42.75,44.400001525878906,457158,44.400001525878906,43.20000076293945,41.10264587402344
27-11-2020,42.95000076293945,43.29999923706055,400786,43.599998474121094,43.099998474121094,41.00749588012695
01-12-2020,42.0,43.04999923706055,1019225,44.400001525878906,42.849998474121094,40.76963424682617
02-12-2020,42.5,43.04999923706055,542734,43.599998474121094,43.25,41.15021514892578
03-12-2020,43.25,43.900001525878906,691836,44.79999923706055,44.349998474121094,42.19681167602539
04-12-2020,44.04999923706055,44.150001525878906,555462,45.20000076293945,44.75,42.577392578125
07-12-2020,44.150001525878906,46.0,1831434,48.45000076293945,47.900001525878906,45.574459075927734
08-12-2020,46.0,48.5,2334251,51.0,47.45000076293945,45.146305084228516
09-12-2020,46.79999923706055,47.849998474121094,673728,48.25,47.79999923706055,45.479312896728516
10-12-2020,46.150001525878906,48.20000076293945,493443,48.20000076293945,46.79999923706055,44.52786636352539
11-12-2020,46.70000076293945,46.900001525878906,747504,48.650001525878906,47.54999923706055,45.241451263427734
14-12-2020,46.650001525878906,48.0,376711,48.400001525878906,47.349998474121094,45.05116271972656
15-12-2020,46.45000076293945,47.70000076293945,336555,47.70000076293945,47.150001525878906,44.86087417602539
16-12-2020,46.599998474121094,47.5,499366,47.70000076293945,47.0,44.71815490722656
17-12-2020,46.75,47.04999923706055,715645,48.20000076293945,46.900001525878906,44.62301254272461
18-12-2020,46.099998474121094,47.0,355349,47.20000076293945,46.95000076293945,44.67058563232422
21-12-2020,43.150001525878906,46.95000076293945,802485,47.5,44.099998474121094,41.95895004272461
22-12-2020,42.0,43.0,492986,44.650001525878906,44.04999923706055,41.911376953125
23-12-2020,42.0,44.25,559762,45.29999923706055,44.75,42.577392578125
24-12-2020,45.0,45.0,263699,46.0,45.25,43.05311584472656
28-12-2020,45.5,46.0,395183,46.5,45.849998474121094,43.623985290527344
29-12-2020,45.79999923706055,46.04999923706055,587516,47.400001525878906,46.099998474121094,43.861846923828125
30-12-2020,47.099998474121094,48.0,1430184,48.400001525878906,47.45000076293945,45.146305084228516
31-12-2020,47.400001525878906,47.45000076293945,777509,48.29999923706055,48.150001525878906,45.81232452392578
01-01-2021,46.150001525878906,46.150001525878906,544419,48.20000076293945,47.70000076293945,45.38417053222656
04-01-2021,47.79999923706055,48.0,488873,48.650001525878906,48.0,45.66960525512695
05-01-2021,48.599998474121094,49.0,1741306,50.5,50.0,47.57250213623047
06-01-2021,48.150001525878906,50.349998474121094,1334092,51.45000076293945,49.0,46.621055603027344
07-01-2021,48.95000076293945,50.04999923706055,632800,50.04999923706055,49.45000076293945,47.04920959472656
08-01-2021,49.29999923706055,50.25,651254,50.400001525878906,50.099998474121094,47.66764831542969
11-01-2021,49.25,50.400001525878906,1395251,52.900001525878906,52.04999923706055,49.522979736328125
12-01-2021,51.650001525878906,52.29999923706055,792805,52.29999923706055,51.900001525878906,49.38026428222656
13-01-2021,49.849998474121094,52.0,2017454,52.150001525878906,51.79999923706055,49.28511428833008
14-01-2021,50.95000076293945,52.0,6989887,53.45000076293945,52.349998474121094,49.808414459228516
15-01-2021,51.349998474121094,54.900001525878906,1901011,55.0,52.45000076293945,49.903560638427734
18-01-2021,51.04999923706055,52.900001525878906,656388,53.599998474121094,51.900001525878906,49.38026428222656
19-01-2021,50.5,51.900001525878906,491100,52.79999923706055,50.95000076293945,48.476383209228516
20-01-2021,50.599998474121094,51.45000076293945,394452,51.599998474121094,51.0,48.523956298828125
21-01-2021,51.099998474121094,51.5,701861,52.29999923706055,51.900001525878906,49.38026428222656
22-01-2021,49.099998474121094,50.099998474121094,2768540,52.0,51.849998474121094,49.33268737792969
25-01-2021,48.599998474121094,52.70000076293945,1090067,52.70000076293945,49.45000076293945,47.04920959472656
27-01-2021,48.20000076293945,49.5,986277,49.5,48.900001525878906,46.52591323852539
28-01-2021,47.29999923706055,48.400001525878906,333811,48.900001525878906,47.650001525878906,45.33659744262695
29-01-2021,45.099998474121094,48.099998474121094,858281,49.29999923706055,46.349998474121094,44.09971237182617
01-02-2021,46.150001525878906,47.0,1022946,49.79999923706055,48.599998474121094,46.240474700927734
02-02-2021,47.45000076293945,49.0,361236,49.75,48.0,45.66960525512695
03-02-2021,47.650001525878906,48.70000076293945,762531,49.95000076293945,48.400001525878906,46.05018615722656
04-02-2021,47.75,49.400001525878906,643073,49.45000076293945,48.0,45.66960525512695
05-02-2021,47.900001525878906,48.0,611884,48.79999923706055,48.400001525878906,46.05018615722656
08-02-2021,47.25,48.95000076293945,403975,48.95000076293945,48.400001525878906,46.05018615722656
09-02-2021,46.45000076293945,48.75,724378,49.45000076293945,46.79999923706055,44.52786636352539
10-02-2021,46.70000076293945,46.95000076293945,868322,47.95000076293945,47.5,45.193878173828125
11-02-2021,46.5,48.25,590471,48.45000076293945,47.150001525878906,44.86087417602539
12-02-2021,45.20000076293945,47.599998474121094,709253,47.79999923706055,45.79999923706055,43.576412200927734
15-02-2021,43.75,45.75,1452008,46.599998474121094,43.95000076293945,41.81623458862305
16-02-2021,43.79999923706055,44.400001525878906,758928,45.25,44.349998474121094,42.19681167602539
17-02-2021,44.0,44.45000076293945,996107,48.45000076293945,47.0,44.71815490722656
18-02-2021,46.75,47.650001525878906,778329,48.45000076293945,47.150001525878906,44.86087417602539
19-02-2021,45.599998474121094,47.900001525878906,496535,47.900001525878906,45.95000076293945,43.71913146972656
22-02-2021,45.29999923706055,46.0,961161,46.95000076293945,46.599998474121094,44.33757400512695
23-02-2021,45.79999923706055,47.0,788588,47.849998474121094,47.0,44.71815490722656
24-02-2021,47.5,47.5,4084838,56.400001525878906,56.400001525878906,53.66178894042969
25-02-2021,54.20000076293945,62.0,9996332,65.5,55.54999923706055,52.853050231933594
26-02-2021,52.849998474121094,54.70000076293945,2474795,57.79999923706055,54.29999923706055,51.66374206542969
01-03-2021,54.54999923706055,55.5,876626,56.95000076293945,55.04999923706055,52.3773307800293
02-03-2021,54.54999923706055,55.95000076293945,538204,56.5,55.0,52.32975769042969
03-03-2021,55.099998474121094,55.79999923706055,908091,58.20000076293945,56.150001525878906,53.42392349243164
04-03-2021,55.349998474121094,55.400001525878906,658091,57.0,56.150001525878906,53.42392349243164
05-03-2021,54.04999923706055,56.29999923706055,565471,56.54999923706055,54.349998474121094,51.71131134033203
08-03-2021,55.20000076293945,57.0,576324,57.599998474121094,55.599998474121094,52.9006233215332
09-03-2021,54.599998474121094,56.400001525878906,478514,56.5,55.0,52.32975769042969
10-03-2021,55.20000076293945,55.5,815642,57.20000076293945,55.5,52.80548095703125
12-03-2021,53.70000076293945,56.0,377407,56.0,53.900001525878906,51.28316116333008
15-03-2021,52.0,54.400001525878906,375147,54.400001525878906,53.349998474121094,50.75986099243164
16-03-2021,53.150001525878906,53.29999923706055,657344,55.650001525878906,53.79999923706055,51.18801498413086
17-03-2021,51.849998474121094,53.79999923706055,324800,55.0,52.25,49.7132682800293
18-03-2021,49.150001525878906,52.349998474121094,281224,53.400001525878906,50.25,48.74325180053711
19-03-2021,48.0,49.900001525878906,302609,50.400001525878906,49.79999923706055,48.30674743652344
22-03-2021,49.04999923706055,50.099998474121094,373560,51.70000076293945,50.400001525878906,48.888755798339844
23-03-2021,50.0,50.79999923706055,427469,52.20000076293945,50.20000076293945,48.69475173950195
24-03-2021,48.400001525878906,50.5,227652,50.650001525878906,48.650001525878906,47.19123077392578
25-03-2021,46.0,48.20000076293945,381290,48.95000076293945,46.5,45.10569763183594
26-03-2021,46.099998474121094,47.400001525878906,273823,47.75,46.400001525878906,45.008697509765625
30-03-2021,46.0,47.20000076293945,233840,47.20000076293945,46.20000076293945,44.814693450927734
31-03-2021,46.0,46.45000076293945,435870,47.79999923706055,46.75,45.348201751708984
01-04-2021,46.849998474121094,46.849998474121094,622369,51.45000076293945,50.45000076293945,48.937255859375
05-04-2021,48.099998474121094,49.5,252389,50.45000076293945,49.900001525878906,48.40374755859375
06-04-2021,48.20000076293945,50.79999923706055,295812,50.900001525878906,49.099998474121094,47.62773513793945
07-04-2021,48.79999923706055,49.5,1416030,57.0,52.75,51.16828918457031
08-04-2021,51.900001525878906,53.29999923706055,364472,53.75,52.20000076293945,50.63478469848633
09-04-2021,51.400001525878906,52.54999923706055,228853,53.29999923706055,51.599998474121094,50.052772521972656
12-04-2021,47.0,50.25,576348,51.900001525878906,47.54999923706055,46.124210357666016
13-04-2021,46.70000076293945,47.95000076293945,299816,49.099998474121094,48.0,46.56071853637695
15-04-2021,47.400001525878906,48.04999923706055,268974,48.900001525878906,48.04999923706055,46.60921859741211
16-04-2021,48.0,48.5,190619,49.5,48.20000076293945,46.754722595214844
19-04-2021,46.400001525878906,46.849998474121094,226202,47.29999923706055,46.95000076293945,45.542205810546875
20-04-2021,47.0,47.20000076293945,387530,48.79999923706055,47.400001525878906,45.97871017456055
22-04-2021,46.650001525878906,47.5,968183,51.5,49.29999923706055,47.821739196777344
23-04-2021,48.54999923706055,49.29999923706055,487533,50.70000076293945,48.849998474121094,47.385231018066406
26-04-2021,46.0,49.20000076293945,487920,49.79999923706055,49.150001525878906,47.676239013671875
27-04-2021,49.04999923706055,49.400001525878906,441958,51.349998474121094,50.599998474121094,49.08275604248047
28-04-2021,50.599998474121094,50.900001525878906,345521,51.79999923706055,50.79999923706055,49.27676010131836
29-04-2021,49.099998474121094,51.099998474121094,451753,51.599998474121094,49.5,48.015743255615234
30-04-2021,49.29999923706055,49.5,722990,53.0,52.25,50.683284759521484
03-05-2021,50.150001525878906,52.20000076293945,772763,53.0,52.349998474121094,50.7802848815918
04-05-2021,53.099998474121094,53.099998474121094,2497906,57.29999923706055,55.5,53.83583068847656
05-05-2021,55.20000076293945,58.20000076293945,3566832,59.900001525878906,56.599998474121094,54.90284729003906
06-05-2021,55.099998474121094,57.5,8380647,64.0,61.70000076293945,59.84992599487305
07-05-2021,62.099998474121094,63.04999923706055,4570987,67.30000305175781,64.3499984741211,62.42046356201172
10-05-2021,62.0,65.0,1994650,66.6500015258789,62.29999923706055,60.43193435668945
11-05-2021,60.900001525878906,61.75,1443921,64.5,62.04999923706055,60.189430236816406
12-05-2021,60.099998474121094,62.29999923706055,1048836,62.849998474121094,60.650001525878906,58.8314094543457
14-05-2021,57.79999923706055,61.29999923706055,1086815,61.95000076293945,58.79999923706055,57.03688049316406
17-05-2021,59.599998474121094,59.79999923706055,966770,61.650001525878906,60.75,58.928409576416016
18-05-2021,60.20000076293945,61.29999923706055,1991467,64.4000015258789,62.099998474121094,60.23793029785156
19-05-2021,60.0,62.20000076293945,876557,63.599998474121094,62.5,60.625938415527344
20-05-2021,61.599998474121094,62.5,1331292,64.80000305175781,62.599998474121094,60.722938537597656
21-05-2021,63.099998474121094,64.05000305175781,17462439,75.0999984741211,72.69999694824219,70.52008819580078
24-05-2021,72.69999694824219,73.80000305175781,9121566,78.5,75.0999984741211,72.8481216430664
25-05-2021,72.8499984741211,75.80000305175781,1950088,78.5,74.0999984741211,71.87811279296875
26-05-2021,73.25,74.5,1622657,77.5,74.80000305175781,72.55712127685547
27-05-2021,74.4000015258789,74.9000015258789,2781464,80.9000015258789,78.19999694824219,75.85517120361328
28-05-2021,75.05000305175781,79.0,824705,79.8499984741211,75.8499984741211,73.57563781738281
31-05-2021,75.05000305175781,76.6500015258789,852442,78.80000305175781,75.55000305175781,73.28463745117188
01-06-2021,70.4000015258789,76.94999694824219,834585,76.94999694824219,72.80000305175781,70.61709594726562
02-06-2021,71.30000305175781,73.0999984741211,441113,73.94999694824219,72.94999694824219,70.76258850097656
03-06-2021,72.9000015258789,73.8499984741211,921728,76.5,75.0,72.7511215209961
04-06-2021,75.30000305175781,76.94999694824219,746327,77.5,76.25,73.9636459350586
07-06-2021,75.5,77.30000305175781,1059806,78.5,76.1500015258789,73.86664581298828
08-06-2021,74.5,76.75,589375,76.94999694824219,74.94999694824219,72.70262145996094
09-06-2021,71.05000305175781,74.5999984741211,633893,75.5,72.0,69.84107971191406
10-06-2021,71.9000015258789,73.55000305175781,434861,74.3499984741211,72.44999694824219,70.27758026123047
11-06-2021,71.44999694824219,73.1500015258789,509621,74.19999694824219,72.3499984741211,70.18058013916016
14-06-2021,70.5,72.8499984741211,324908,72.8499984741211,71.5999984741211,69.45307159423828
15-06-2021,71.8499984741211,72.30000305175781,963188,76.44999694824219,74.0,71.78111267089844
16-06-2021,72.25,74.4000015258789,450261,75.80000305175781,73.0,70.81109619140625
17-06-2021,71.0999984741211,72.8499984741211,448905,73.6500015258789,71.6500015258789,69.50157165527344
18-06-2021,68.0,72.3499984741211,729309,72.5999984741211,70.25,68.1435546875
21-06-2021,67.69999694824219,68.05000305175781,424588,72.0999984741211,71.75,69.59857177734375
22-06-2021,71.05000305175781,72.8499984741211,307982,73.30000305175781,71.4000015258789,69.25907135009766
23-06-2021,70.5,72.1500015258789,2113355,80.5,74.5999984741211,72.36311340332031
24-06-2021,71.0,75.1500015258789,582378,75.94999694824219,71.8499984741211,69.69557189941406
25-06-2021,71.4000015258789,72.44999694824219,298334,73.5,71.69999694824219,69.5500717163086
28-06-2021,73.0,73.0,872031,75.5,74.75,72.50862121582031
29-06-2021,74.0,75.0,712362,76.94999694824219,74.69999694824219,72.46011352539062
30-06-2021,74.30000305175781,75.30000305175781,843383,77.0999984741211,74.5999984741211,72.36311340332031
01-07-2021,74.1500015258789,75.1500015258789,370158,75.9000015258789,74.4000015258789,72.16911315917969
02-07-2021,74.0,74.94999694824219,1063624,77.1500015258789,75.3499984741211,73.09062957763672
05-07-2021,76.0999984741211,77.0999984741211,1284189,78.5,77.1500015258789,74.83665466308594
06-07-2021,76.30000305175781,77.4000015258789,738006,79.0,76.6500015258789,74.35165405273438
07-07-2021,76.1500015258789,76.6500015258789,11213233,91.94999694824219,90.9000015258789,88.17436218261719
08-07-2021,85.75,87.8499984741211,13685877,101.4000015258789,97.19999694824219,94.28545379638672
09-07-2021,94.9000015258789,94.94999694824219,12771404,106.0,101.4000015258789,98.3595199584961
12-07-2021,98.30000305175781,102.0,2904573,104.4000015258789,101.25,98.21401977539062
13-07-2021,100.0,102.5999984741211,3504311,106.6500015258789,104.6500015258789,101.51206970214844
14-07-2021,104.69999694824219,105.44999694824219,4542576,112.80000305175781,111.05000305175781,107.72016906738281
15-07-2021,111.5,111.9000015258789,4853348,117.0,113.8499984741211,110.43620300292969
16-07-2021,114.05000305175781,114.8499984741211,6285286,125.8499984741211,120.19999694824219,116.5958023071289
19-07-2021,118.0999984741211,119.0,2934418,126.80000305175781,123.30000305175781,119.60285186767578
20-07-2021,114.0,124.30000305175781,2500704,124.69999694824219,121.8499984741211,118.19632720947266
22-07-2021,112.5,123.0,5545961,128.5,113.80000305175781,110.38771057128906
23-07-2021,112.0,114.19999694824219,1937316,119.30000305175781,113.3499984741211,109.9511947631836
26-07-2021,107.0,114.0999984741211,1085634,114.69999694824219,107.8499984741211,104.6161117553711
27-07-2021,106.0,108.0999984741211,765943,112.3499984741211,107.75,104.51911163330078
28-07-2021,102.5999984741211,108.30000305175781,753831,109.6500015258789,105.44999694824219,102.28807830810547
29-07-2021,105.5999984741211,106.05000305175781,1209057,114.3499984741211,112.0999984741211,108.73867797851562
30-07-2021,111.3499984741211,113.0,1232646,117.0,111.94999694824219,108.59317779541016
02-08-2021,113.25,115.44999694824219,1067786,117.25,114.44999694824219,111.0182113647461
03-08-2021,112.19999694824219,115.4000015258789,435246,116.30000305175781,112.5,109.1266860961914
04-08-2021,107.19999694824219,113.0,537410,113.69999694824219,108.5,105.24662780761719
05-08-2021,105.0,108.5,685225,109.6500015258789,105.44999694824219,102.28807830810547
06-08-2021,104.44999694824219,106.0,498581,108.0,104.94999694824219,101.80307006835938
09-08-2021,100.05000305175781,106.0,586158,107.0,101.8499984741211,98.79602813720703
10-08-2021,95.44999694824219,102.0,832489,105.9000015258789,98.25,95.30397033691406
11-08-2021,90.30000305175781,97.1500015258789,1017066,98.80000305175781,96.80000305175781,93.89745330810547
12-08-2021,96.80000305175781,96.80000305175781,754574,102.4000015258789,101.5999984741211,98.55352020263672
13-08-2021,98.1500015258789,103.30000305175781,363976,103.44999694824219,99.5999984741211,96.61349487304688
16-08-2021,96.0999984741211,100.4000015258789,315148,100.4000015258789,96.44999694824219,93.55794525146484
17-08-2021,94.0,97.0,330751,97.0,94.55000305175781,91.71492004394531
18-08-2021,93.0999984741211,94.69999694824219,234544,97.0,94.1500015258789,91.32691192626953
20-08-2021,88.0,88.0,505257,94.4000015258789,89.25,86.57383728027344
23-08-2021,80.5,91.0,746770,92.0,84.30000305175781,81.77227020263672
24-08-2021,84.3499984741211,85.0,516843,92.69999694824219,92.69999694824219,89.9203872680664
25-08-2021,93.5,95.4000015258789,1100404,100.69999694824219,96.75,93.84895324707031
26-08-2021,93.44999694824219,96.75,354161,99.55000305175781,94.30000305175781,91.47241973876953
27-08-2021,92.0999984741211,95.44999694824219,230791,95.69999694824219,93.55000305175781,90.74490356445312
30-08-2021,93.0,94.69999694824219,600674,99.0,94.25,91.42391204833984
31-08-2021,93.0999984741211,94.6500015258789,248568,95.0999984741211,93.44999694824219,90.64789581298828
01-09-2021,88.69999694824219,94.0,347283,94.5,91.1500015258789,88.4168701171875
02-09-2021,90.9000015258789,91.1500015258789,303407,95.0,94.05000305175781,91.22991180419922
03-09-2021,94.0,94.05000305175781,338461,97.9000015258789,94.80000305175781,91.9574203491211
06-09-2021,93.0999984741211,95.0,197700,96.5,93.4000015258789,90.59940338134766
07-09-2021,88.94999694824219,94.3499984741211,325970,94.3499984741211,90.9000015258789,88.17436218261719
08-09-2021,90.55000305175781,91.0,412268,95.69999694824219,94.19999694824219,91.37541198730469
09-09-2021,92.75,94.5,153687,94.9000015258789,93.5999984741211,90.79340362548828
13-09-2021,93.5999984741211,93.5999984741211,641903,98.1500015258789,95.30000305175781,92.44242858886719
14-09-2021,93.80000305175781,95.9000015258789,308337,97.9000015258789,94.3499984741211,91.52091217041016
15-09-2021,92.69999694824219,95.0,281491,95.0999984741211,93.94999694824219,91.13290405273438
16-09-2021,93.69999694824219,94.9000015258789,281658,96.0,93.94999694824219,91.13290405273438
17-09-2021,92.0,94.80000305175781,604700,96.5,95.80000305175781,92.92743682861328
20-09-2021,90.0,95.0,349535,96.9000015258789,91.94999694824219,89.19287872314453
21-09-2021,90.0,91.94999694824219,244041,93.5,91.3499984741211,88.61087036132812
22-09-2021,91.94999694824219,92.44999694824219,193456,95.0,92.9000015258789,90.11439514160156
23-09-2021,92.9000015258789,92.9000015258789,271216,95.0,93.6500015258789,90.84190368652344
24-09-2021,93.05000305175781,93.0999984741211,238738,95.5,93.30000305175781,90.50240325927734
27-09-2021,93.0,93.1500015258789,184922,95.0,93.5999984741211,90.79340362548828
28-09-2021,93.80000305175781,93.80000305175781,1986626,102.94999694824219,102.44999694824219,99.37803649902344
29-09-2021,98.55000305175781,103.4000015258789,996534,104.94999694824219,99.80000305175781,96.8074951171875
30-09-2021,96.3499984741211,99.9000015258789,756224,102.80000305175781,97.5999984741211,94.6734619140625
01-10-2021,96.30000305175781,97.0,727033,101.9000015258789,100.55000305175781,97.5350112915039
04-10-2021,98.75,101.4000015258789,461972,102.0999984741211,99.0999984741211,96.12848663330078
05-10-2021,98.75,99.0999984741211,214563,100.5,99.0999984741211,96.12848663330078
06-10-2021,98.0999984741211,99.5999984741211,319765,100.94999694824219,98.44999694824219,95.49797058105469
07-10-2021,98.44999694824219,98.44999694824219,313435,102.1500015258789,99.4000015258789,96.41949462890625
08-10-2021,99.1500015258789,100.3499984741211,1401856,107.25,106.3499984741211,103.16109466552734
11-10-2021,107.0999984741211,107.19999694824219,2535881,116.94999694824219,116.94999694824219,113.44325256347656
12-10-2021,112.0,116.9000015258789,1106395,119.1500015258789,112.44999694824219,109.07818603515625
13-10-2021,113.3499984741211,113.3499984741211,815365,116.80000305175781,114.55000305175781,111.11521911621094
14-10-2021,111.4000015258789,115.44999694824219,737257,117.19999694824219,114.44999694824219,111.0182113647461
18-10-2021,114.5,115.6500015258789,468119,117.25,114.9000015258789,111.45472717285156
19-10-2021,106.0,115.9000015258789,846693,116.4000015258789,107.5999984741211,104.37361145019531
20-10-2021,101.9000015258789,108.0,715476,110.0,105.5,102.33657836914062
21-10-2021,104.44999694824219,109.25,1888015,113.5,105.05000305175781,101.90007781982422
22-10-2021,100.0,105.5,690161,108.0,102.0,98.9415283203125
25-10-2021,96.80000305175781,102.9000015258789,504881,102.9000015258789,97.0999984741211,94.1884536743164
26-10-2021,96.3499984741211,97.5,551659,100.9000015258789,99.5,96.51649475097656
27-10-2021,99.0999984741211,100.0,243647,101.9000015258789,99.6500015258789,96.66199493408203
28-10-2021,96.0,99.69999694824219,295955,100.55000305175781,96.69999694824219,93.80044555664062
29-10-2021,94.19999694824219,96.69999694824219,281077,98.44999694824219,96.1500015258789,93.2669448852539
01-11-2021,96.9000015258789,96.94999694824219,205281,99.55000305175781,98.6500015258789,95.69197845458984
02-11-2021,98.05000305175781,100.0,214785,100.94999694824219,99.05000305175781,96.07998657226562
03-11-2021,97.69999694824219,99.05000305175781,169420,100.0,98.1500015258789,95.20697021484375
04-11-2021,98.0999984741211,98.8499984741211,88110,99.8499984741211,99.30000305175781,96.32249450683594
08-11-2021,99.0999984741211,100.30000305175781,260405,101.25,99.9000015258789,96.90449523925781
09-11-2021,99.1500015258789,99.9000015258789,311659,101.0,99.80000305175781,96.8074951171875
10-11-2021,98.0,99.80000305175781,549307,102.75,98.55000305175781,95.59497833251953
11-11-2021,97.25,98.55000305175781,270375,101.0,98.80000305175781,95.83748626708984
12-11-2021,97.75,99.80000305175781,239843,99.80000305175781,98.3499984741211,95.40097045898438
15-11-2021,97.1500015258789,99.3499984741211,197826,99.3499984741211,97.4000015258789,94.47946166992188
16-11-2021,97.0,97.94999694824219,224001,99.19999694824219,97.4000015258789,94.47946166992188
17-11-2021,96.0,97.5,226281,98.4000015258789,96.55000305175781,93.65495300292969
18-11-2021,94.1500015258789,97.0,246548,97.6500015258789,94.80000305175781,91.9574203491211
22-11-2021,90.0,95.0,325121,95.25,92.80000305175781,90.01739501953125
23-11-2021,88.69999694824219,92.5,297525,96.75,94.75,91.90892028808594
24-11-2021,93.30000305175781,96.5999984741211,203823,96.5999984741211,93.6500015258789,90.84190368652344
25-11-2021,92.30000305175781,93.6500015258789,141037,94.05000305175781,93.0,90.21139526367188
26-11-2021,86.6500015258789,93.05000305175781,303289,93.1500015258789,87.9000015258789,85.26432037353516
29-11-2021,84.0,86.0,240261,89.5999984741211,85.80000305175781,83.22728729248047
30-11-2021,83.55000305175781,85.80000305175781,618550,91.0,84.55000305175781,82.0147705078125
01-12-2021,82.94999694824219,85.80000305175781,513920,86.69999694824219,84.3499984741211,81.82076263427734
02-12-2021,84.5,84.5,1042893,92.75,91.05000305175781,88.31986999511719
03-12-2021,87.3499984741211,91.94999694824219,496433,91.94999694824219,88.75,86.08882904052734
06-12-2021,87.4000015258789,89.69999694824219,191911,89.69999694824219,87.80000305175781,85.16732025146484
07-12-2021,89.25,92.0,633519,94.80000305175781,90.9000015258789,88.17436218261719
08-12-2021,91.0,92.5999984741211,264412,92.5999984741211,91.30000305175781,88.56237030029297
09-12-2021,91.0,91.94999694824219,293955,93.4000015258789,91.25,88.51387023925781
10-12-2021,89.55000305175781,91.5,479226,93.5999984741211,92.80000305175781,90.01739501953125
13-12-2021,92.69999694824219,95.25,509794,96.1500015258789,93.80000305175781,90.98741149902344
14-12-2021,92.25,93.5,175657,94.4000015258789,92.80000305175781,90.01739501953125
15-12-2021,92.0999984741211,93.0,1147948,97.80000305175781,92.69999694824219,89.9203872680664
16-12-2021,91.0,94.19999694824219,300076,94.69999694824219,91.80000305175781,89.04737854003906
17-12-2021,88.80000305175781,92.0,249542,92.25,89.25,86.57383728027344
20-12-2021,71.44999694824219,88.55000305175781,420138,89.75,85.5999984741211,83.03327941894531
21-12-2021,85.19999694824219,87.0,174443,89.30000305175781,86.25,83.6637954711914
22-12-2021,87.05000305175781,87.0999984741211,193425,89.69999694824219,88.69999694824219,86.04032897949219
23-12-2021,88.0999984741211,89.55000305175781,142524,91.4000015258789,88.94999694824219,86.28282928466797
24-12-2021,87.55000305175781,89.8499984741211,109033,89.9000015258789,87.94999694824219,85.31281280517578
27-12-2021,86.5999984741211,87.94999694824219,117886,88.3499984741211,87.30000305175781,84.68231201171875
28-12-2021,87.30000305175781,87.30000305175781,148804,89.0999984741211,88.0999984741211,85.45832061767578
29-12-2021,87.4000015258789,89.8499984741211,222413,89.8499984741211,87.9000015258789,85.26432037353516
30-12-2021,87.5,88.69999694824219,270292,90.9000015258789,88.8499984741211,86.18582916259766
31-12-2021,89.19999694824219,89.69999694824219,275368,91.80000305175781,91.0999984741211,88.36836242675781
03-01-2022,89.5,89.5,279101,92.5,91.5999984741211,88.8533706665039
04-01-2022,91.19999694824219,91.5999984741211,193512,93.3499984741211,91.80000305175781,89.04737854003906
05-01-2022,91.80000305175781,92.25,633111,96.3499984741211,94.25,91.42391204833984
06-01-2022,92.44999694824219,94.0,361207,95.55000305175781,95.05000305175781,92.1999282836914
07-01-2022,94.44999694824219,95.5999984741211,587208,97.5999984741211,95.8499984741211,92.97593688964844
10-01-2022,94.5999984741211,96.9000015258789,533462,97.5,95.1500015258789,92.29692840576172
11-01-2022,94.9000015258789,95.9000015258789,408176,97.4000015258789,96.05000305175781,93.1699447631836
12-01-2022,94.0999984741211,96.8499984741211,267534,96.8499984741211,94.75,91.90892028808594
13-01-2022,93.80000305175781,95.80000305175781,488020,97.0,96.1500015258789,93.2669448852539
14-01-2022,95.05000305175781,95.94999694824219,485752,98.9000015258789,97.8499984741211,94.91596221923828
17-01-2022,97.30000305175781,98.9000015258789,600016,101.0,98.8499984741211,95.88597869873047
18-01-2022,95.30000305175781,100.80000305175781,995001,102.8499984741211,97.0999984741211,94.1884536743164
19-01-2022,96.4000015258789,97.44999694824219,502882,100.19999694824219,98.69999694824219,95.740478515625
20-01-2022,98.5,99.4000015258789,1078706,102.44999694824219,101.4000015258789,98.3595199584961
21-01-2022,98.5,101.9000015258789,2000388,103.69999694824219,99.5999984741211,96.61349487304688
24-01-2022,89.25,100.0,1264909,100.44999694824219,93.44999694824219,90.64789581298828
25-01-2022,92.5,94.0,743755,98.0999984741211,96.05000305175781,93.1699447631836
27-01-2022,93.9000015258789,95.0,617092,99.69999694824219,95.75,92.87893676757812
28-01-2022,95.5999984741211,96.0,367787,99.05000305175781,96.6500015258789,93.751953125
31-01-2022,96.69999694824219,97.9000015258789,365960,99.19999694824219,97.94999694824219,95.0129623413086
01-02-2022,96.9000015258789,99.0999984741211,478378,100.80000305175781,99.75,96.75899505615234
02-02-2022,98.80000305175781,99.75,598720,101.5999984741211,100.05000305175781,97.05000305175781
03-02-2022,96.44999694824219,97.5,328092,98.9000015258789,96.69999694824219,96.69999694824219
04-02-2022,94.9000015258789,97.4000015258789,202236,97.4000015258789,95.4000015258789,95.4000015258789
07-02-2022,93.5999984741211,95.75,249879,96.4000015258789,94.5,94.5
08-02-2022,90.5999984741211,94.9000015258789,363473,95.05000305175781,91.9000015258789,91.9000015258789
09-02-2022,92.3499984741211,93.0,187591,94.9000015258789,94.19999694824219,94.19999694824219
10-02-2022,91.1500015258789,94.8499984741211,209235,95.0999984741211,92.94999694824219,92.94999694824219
11-02-2022,91.4000015258789,92.0999984741211,164306,93.1500015258789,91.75,91.75
14-02-2022,87.19999694824219,89.9000015258789,275231,90.0,87.80000305175781,87.80000305175781
15-02-2022,84.3499984741211,88.05000305175781,328589,89.94999694824219,88.5999984741211,88.5999984741211
16-02-2022,88.0,90.0,276161,90.9000015258789,88.69999694824219,88.69999694824219
17-02-2022,88.5,89.1500015258789,158482,90.4000015258789,88.6500015258789,88.6500015258789
18-02-2022,86.0999984741211,88.80000305175781,136928,89.30000305175781,87.1500015258789,87.1500015258789
21-02-2022,84.1500015258789,87.1500015258789,179926,88.0,86.55000305175781,86.55000305175781
22-02-2022,82.0,85.0,281458,85.0,83.05000305175781,83.05000305175781
23-02-2022,83.05000305175781,83.05000305175781,226856,87.0,85.1500015258789,85.1500015258789
24-02-2022,76.25,82.25,538223,82.9000015258789,77.94999694824219,77.94999694824219
25-02-2022,79.3499984741211,82.44999694824219,372256,84.0,82.0999984741211,82.0999984741211
28-02-2022,80.4000015258789,82.0999984741211,257338,85.0999984741211,84.75,84.75
02-03-2022,82.25,83.5999984741211,271369,84.6500015258789,82.80000305175781,82.80000305175781
03-03-2022,82.5,83.69999694824219,154391,85.0,83.0999984741211,83.0999984741211
04-03-2022,81.5,82.30000305175781,105115,83.44999694824219,82.55000305175781,82.55000305175781
07-03-2022,76.75,79.0,233052,80.94999694824219,77.55000305175781,77.55000305175781
08-03-2022,76.69999694824219,78.69999694824219,170784,80.3499984741211,78.19999694824219,78.19999694824219
09-03-2022,79.6500015258789,79.75,554591,85.5,84.5,84.5
10-03-2022,85.25,87.80000305175781,362478,88.55000305175781,86.0999984741211,86.0999984741211
11-03-2022,85.30000305175781,85.9000015258789,584252,88.0,85.9000015258789,85.9000015258789
14-03-2022,84.44999694824219,87.9000015258789,378491,88.25,85.55000305175781,85.55000305175781
15-03-2022,82.75,86.0,250398,88.5,84.69999694824219,84.69999694824219
16-03-2022,81.9000015258789,87.80000305175781,357982,90.44999694824219,87.75,87.75
17-03-2022,87.05000305175781,89.44999694824219,1181199,96.0,94.44999694824219,94.44999694824219
21-03-2022,93.0,97.0,949320,98.4000015258789,93.5999984741211,93.5999984741211
22-03-2022,91.0999984741211,94.5,299246,94.5,93.6500015258789,93.6500015258789
23-03-2022,81.5,95.0,453026,95.69999694824219,92.69999694824219,92.69999694824219
24-03-2022,90.0,92.0,229400,94.0,91.94999694824219,91.94999694824219
25-03-2022,89.0,91.0,249915,92.69999694824219,89.5999984741211,89.5999984741211
28-03-2022,85.55000305175781,89.5999984741211,463751,91.5,87.30000305175781,87.30000305175781
29-03-2022,86.30000305175781,88.25,215266,89.5,86.75,86.75
30-03-2022,87.9000015258789,88.05000305175781,329015,90.44999694824219,89.69999694824219,89.69999694824219
31-03-2022,88.25,88.55000305175781,326655,91.0,88.55000305175781,88.55000305175781
01-04-2022,88.05000305175781,88.05000305175781,316905,93.0,92.30000305175781,92.30000305175781
04-04-2022,93.0,93.0,240193,94.30000305175781,93.6500015258789,93.6500015258789
05-04-2022,92.05000305175781,94.94999694824219,915423,97.69999694824219,96.0,96.0
06-04-2022,96.0,96.1500015258789,3438425,103.94999694824219,103.3499984741211,103.3499984741211
07-04-2022,97.5,104.5,1562900,105.0,98.3499984741211,98.3499984741211
08-04-2022,98.4000015258789,99.0,1009849,103.25,100.05000305175781,100.05000305175781
11-04-2022,99.55000305175781,100.94999694824219,2565145,105.94999694824219,104.6500015258789,104.6500015258789
12-04-2022,100.8499984741211,105.0,698075,105.0,101.55000305175781,101.55000305175781
13-04-2022,100.9000015258789,103.4000015258789,1159587,105.0999984741211,101.9000015258789,101.9000015258789
18-04-2022,98.4000015258789,101.0,426748,101.0,99.30000305175781,99.30000305175781
19-04-2022,94.25,99.3499984741211,587299,102.9000015258789,97.05000305175781,97.05000305175781
20-04-2022,95.0,98.5999984741211,392584,99.4000015258789,95.94999694824219,95.94999694824219
21-04-2022,90.0,96.5,1934868,98.25,91.30000305175781,91.30000305175781
22-04-2022,90.8499984741211,91.19999694824219,988016,96.44999694824219,94.55000305175781,94.55000305175781
25-04-2022,92.80000305175781,94.0,621761,97.0,95.3499984741211,95.3499984741211
26-04-2022,96.4000015258789,96.44999694824219,2188188,102.8499984741211,101.25,101.25
27-04-2022,92.0,95.0,1618066,96.9000015258789,92.80000305175781,92.80000305175781
28-04-2022,91.05000305175781,94.0,627792,94.8499984741211,91.44999694824219,91.44999694824219
29-04-2022,88.55000305175781,91.9000015258789,570851,93.3499984741211,89.25,89.25
02-05-2022,84.5999984741211,88.94999694824219,505668,89.3499984741211,85.69999694824219,85.69999694824219
04-05-2022,84.0,87.8499984741211,447114,88.4000015258789,85.05000305175781,85.05000305175781
05-05-2022,81.4000015258789,87.0,499457,87.0,81.9000015258789,81.9000015258789
06-05-2022,76.3499984741211,78.19999694824219,608428,81.6500015258789,79.94999694824219,79.94999694824219
09-05-2022,76.0,78.0999984741211,652693,79.94999694824219,77.8499984741211,77.8499984741211
10-05-2022,75.0,79.0,508464,80.19999694824219,75.80000305175781,75.80000305175781
11-05-2022,71.0,77.94999694824219,619768,77.94999694824219,76.9000015258789,76.9000015258789
12-05-2022,71.5,72.1500015258789,569517,77.6500015258789,74.94999694824219,74.94999694824219
13-05-2022,75.0999984741211,76.0999984741211,732704,78.0,76.3499984741211,76.3499984741211
16-05-2022,75.44999694824219,77.69999694824219,440046,79.0,78.25,78.25
17-05-2022,78.25,79.0,392337,80.0,79.3499984741211,79.3499984741211
18-05-2022,78.4000015258789,80.4000015258789,371767,81.4000015258789,79.75,79.75
19-05-2022,75.5,78.4000015258789,386018,79.0,77.19999694824219,77.19999694824219
20-05-2022,77.25,77.25,288678,81.0,79.0,79.0
23-05-2022,71.5,78.0,302913,80.8499984741211,79.5,79.5
24-05-2022,77.5,79.0,139661,79.55000305175781,78.0,78.0
25-05-2022,73.69999694824219,77.5,229252,78.0,74.9000015258789,74.9000015258789
26-05-2022,72.0,76.0,208406,77.3499984741211,76.4000015258789,76.4000015258789
27-05-2022,75.0,75.19999694824219,401958,78.75,75.75,75.75
30-05-2022,75.4000015258789,76.25,226391,78.30000305175781,75.94999694824219,75.94999694824219
31-05-2022,75.75,76.19999694824219,462453,79.80000305175781,78.69999694824219,78.69999694824219
01-06-2022,77.55000305175781,78.6500015258789,83232,79.5,78.19999694824219,78.19999694824219
02-06-2022,78.44999694824219,79.3499984741211,440631,83.30000305175781,82.75,82.75
03-06-2022,80.0,83.6500015258789,159859,83.6500015258789,80.44999694824219,80.44999694824219
06-06-2022,78.0999984741211,80.44999694824219,129737,80.9000015258789,79.3499984741211,79.3499984741211
07-06-2022,75.25,79.4000015258789,219381,79.5999984741211,76.69999694824219,76.69999694824219
08-06-2022,76.19999694824219,76.5,139870,78.80000305175781,78.0999984741211,78.0999984741211
09-06-2022,76.8499984741211,78.0999984741211,147404,78.5,77.30000305175781,77.30000305175781
10-06-2022,75.5999984741211,78.0,467742,79.44999694824219,76.80000305175781,76.80000305175781
13-06-2022,73.25,75.0,181842,75.5,73.55000305175781,73.55000305175781
14-06-2022,72.9000015258789,73.55000305175781,90650,75.0,73.75,73.75
15-06-2022,72.94999694824219,74.94999694824219,70919,75.0,73.25,73.25
16-06-2022,71.1500015258789,74.30000305175781,112093,74.75,72.1500015258789,72.1500015258789
17-06-2022,67.3499984741211,72.0,222619,72.5999984741211,68.75,68.75
20-06-2022,65.0,69.80000305175781,158101,69.80000305175781,65.75,65.75
21-06-2022,66.25,67.0,304977,70.4000015258789,69.80000305175781,69.80000305175781
22-06-2022,67.0,70.4000015258789,110695,70.4000015258789,67.75,67.75
23-06-2022,67.05000305175781,67.3499984741211,112454,69.4000015258789,67.94999694824219,67.94999694824219
24-06-2022,68.44999694824219,69.0,175316,69.80000305175781,69.25,69.25
27-06-2022,68.75,70.80000305175781,89225,71.3499984741211,69.1500015258789,69.1500015258789
28-06-2022,68.0999984741211,69.0,94772,70.0,69.55000305175781,69.55000305175781
29-06-2022,68.3499984741211,68.5,74724,70.0,69.3499984741211,69.3499984741211
30-06-2022,69.0,70.0,112202,71.44999694824219,69.5999984741211,69.5999984741211
01-07-2022,68.55000305175781,70.5999984741211,114054,70.5999984741211,69.44999694824219,69.44999694824219
04-07-2022,68.5999984741211,70.5,77036,70.5,70.0,70.0
05-07-2022,69.19999694824219,69.19999694824219,55616,71.80000305175781,70.44999694824219,70.44999694824219
06-07-2022,69.5999984741211,70.8499984741211,86643,71.3499984741211,70.0999984741211,70.0999984741211
07-07-2022,69.94999694824219,71.80000305175781,139329,71.94999694824219,70.30000305175781,70.30000305175781
08-07-2022,70.0999984741211,71.5,129071,72.1500015258789,70.9000015258789,70.9000015258789
11-07-2022,70.3499984741211,70.69999694824219,75025,72.44999694824219,71.44999694824219,71.44999694824219
12-07-2022,71.0,71.5999984741211,81465,74.9000015258789,71.3499984741211,71.3499984741211
13-07-2022,70.9000015258789,70.9000015258789,114044,73.5999984741211,71.69999694824219,71.69999694824219
14-07-2022,69.80000305175781,71.80000305175781,69709,72.5,70.55000305175781,70.55000305175781
15-07-2022,69.05000305175781,70.55000305175781,84554,71.69999694824219,70.30000305175781,70.30000305175781
18-07-2022,68.5999984741211,71.30000305175781,86471,71.30000305175781,70.9000015258789,70.9000015258789
19-07-2022,70.5999984741211,71.4000015258789,296974,74.4000015258789,73.8499984741211,73.8499984741211
20-07-2022,72.80000305175781,74.94999694824219,130054,74.94999694824219,73.1500015258789,73.1500015258789
21-07-2022,72.75,74.0,113396,74.19999694824219,73.44999694824219,73.44999694824219
22-07-2022,73.55000305175781,73.9000015258789,169300,76.19999694824219,75.0999984741211,75.0999984741211
25-07-2022,73.0,76.0,102884,76.0,73.6500015258789,73.6500015258789
26-07-2022,72.0,73.0,53396,73.69999694824219,72.3499984741211,72.3499984741211
27-07-2022,71.4000015258789,72.3499984741211,74110,73.0999984741211,72.19999694824219,72.19999694824219
28-07-2022,72.0,72.0,151656,74.30000305175781,72.30000305175781,72.30000305175781
29-07-2022,65.80000305175781,69.69999694824219,930853,70.0,67.6500015258789,67.6500015258789
01-08-2022,67.0,68.0,341868,69.0,68.44999694824219,68.44999694824219
02-08-2022,67.6500015258789,68.5,196223,69.69999694824219,69.1500015258789,69.1500015258789
03-08-2022,68.75,69.05000305175781,122795,69.9000015258789,69.0999984741211,69.0999984741211
04-08-2022,67.5,69.9000015258789,158658,69.94999694824219,68.0999984741211,68.0999984741211
05-08-2022,67.55000305175781,67.55000305175781,137365,69.25,68.44999694824219,68.44999694824219
08-08-2022,67.55000305175781,69.5,186717,69.5,68.05000305175781,68.05000305175781
10-08-2022,67.4000015258789,68.75,110781,68.80000305175781,67.75,67.75
11-08-2022,68.0,68.0,140875,69.9000015258789,68.44999694824219,68.44999694824219
12-08-2022,68.30000305175781,68.44999694824219,83449,69.5,68.5,68.5
16-08-2022,68.5,69.0,227759,71.5,69.80000305175781,69.80000305175781
17-08-2022,70.05000305175781,70.05000305175781,378529,72.05000305175781,71.9000015258789,71.9000015258789
18-08-2022,71.0999984741211,74.0,339165,74.0,72.5,72.5
19-08-2022,69.80000305175781,72.9000015258789,221107,72.94999694824219,70.69999694824219,70.69999694824219
22-08-2022,68.5,70.6500015258789,268218,70.6500015258789,68.69999694824219,68.69999694824219
23-08-2022,67.5,68.6500015258789,118669,70.4000015258789,69.75,69.75
24-08-2022,69.8499984741211,70.80000305175781,123471,70.80000305175781,70.5,70.5
25-08-2022,70.5999984741211,70.5999984741211,822464,74.94999694824219,73.1500015258789,73.1500015258789
26-08-2022,71.69999694824219,74.0999984741211,159797,74.25,72.4000015258789,72.4000015258789
29-08-2022,69.05000305175781,69.05000305175781,110175,71.25,70.6500015258789,70.6500015258789
30-08-2022,70.80000305175781,70.80000305175781,163666,75.0999984741211,72.30000305175781,72.30000305175781
01-09-2022,71.4000015258789,73.0,85459,73.0,71.94999694824219,71.94999694824219
02-09-2022,71.94999694824219,72.5,111619,73.0999984741211,72.0999984741211,72.0999984741211
05-09-2022,72.0,72.94999694824219,115080,73.4000015258789,72.1500015258789,72.1500015258789
06-09-2022,72.1500015258789,72.9000015258789,151498,73.1500015258789,72.4000015258789,72.4000015258789
07-09-2022,71.19999694824219,72.0,155615,73.05000305175781,72.19999694824219,72.19999694824219
08-09-2022,72.4000015258789,72.80000305175781,240400,74.69999694824219,73.0999984741211,73.0999984741211
09-09-2022,73.0999984741211,73.9000015258789,626002,76.0,73.94999694824219,73.94999694824219
12-09-2022,72.6500015258789,74.55000305175781,169928,74.5999984741211,73.05000305175781,73.05000305175781
13-09-2022,72.5999984741211,73.75,179961,74.0,73.0,73.0
14-09-2022,71.80000305175781,71.94999694824219,186371,73.0999984741211,72.4000015258789,72.4000015258789
15-09-2022,72.0,73.4000015258789,1355629,79.4000015258789,78.55000305175781,78.55000305175781
16-09-2022,71.19999694824219,77.69999694824219,756332,77.75,71.94999694824219,71.94999694824219
19-09-2022,71.05000305175781,72.80000305175781,357486,72.9000015258789,71.80000305175781,71.80000305175781
20-09-2022,71.3499984741211,72.69999694824219,302982,73.44999694824219,71.80000305175781,71.80000305175781
21-09-2022,70.80000305175781,72.30000305175781,150872,72.30000305175781,70.94999694824219,70.94999694824219
22-09-2022,69.9000015258789,70.94999694824219,210672,72.3499984741211,70.44999694824219,70.44999694824219
23-09-2022,68.05000305175781,70.69999694824219,257060,70.69999694824219,68.55000305175781,68.55000305175781
26-09-2022,66.0999984741211,68.05000305175781,158534,68.94999694824219,67.1500015258789,67.1500015258789
27-09-2022,66.19999694824219,66.3499984741211,127777,68.25,66.80000305175781,66.80000305175781
28-09-2022,65.55000305175781,66.80000305175781,177253,66.80000305175781,66.0999984741211,66.0999984741211
29-09-2022,65.05000305175781,67.0999984741211,182465,67.44999694824219,65.8499984741211,65.8499984741211
30-09-2022,64.5999984741211,64.5999984741211,252102,67.5999984741211,66.0,66.0
03-10-2022,66.1500015258789,67.0,110092,67.8499984741211,66.80000305175781,66.80000305175781
04-10-2022,67.25,67.80000305175781,153667,69.3499984741211,68.05000305175781,68.05000305175781
06-10-2022,68.75,69.3499984741211,182284,70.44999694824219,69.5999984741211,69.5999984741211
07-10-2022,69.0,70.30000305175781,97762,70.5,69.44999694824219,69.44999694824219
10-10-2022,67.80000305175781,69.05000305175781,96036,69.5,68.25,68.25
11-10-2022,66.6500015258789,68.5,148630,68.94999694824219,67.0,67.0
12-10-2022,66.5999984741211,67.05000305175781,98527,67.6500015258789,66.69999694824219,66.69999694824219
13-10-2022,65.94999694824219,66.5999984741211,103950,67.6500015258789,66.1500015258789,66.1500015258789
14-10-2022,66.80000305175781,66.80000305175781,1614993,72.0,70.19999694824219,70.19999694824219
17-10-2022,68.5,69.94999694824219,265567,70.0,69.30000305175781,69.30000305175781
18-10-2022,69.19999694824219,69.69999694824219,319395,72.4000015258789,70.69999694824219,70.69999694824219
19-10-2022,69.0999984741211,71.0999984741211,239889,71.4000015258789,70.0999984741211,70.0999984741211
20-10-2022,68.1500015258789,70.0,216055,70.80000305175781,69.05000305175781,69.05000305175781
21-10-2022,66.5,68.5,414838,69.5,66.80000305175781,66.80000305175781
24-10-2022,67.0,68.80000305175781,92576,68.80000305175781,67.69999694824219,67.69999694824219
25-10-2022,67.0999984741211,67.19999694824219,296722,68.19999694824219,67.55000305175781,67.55000305175781
27-10-2022,67.19999694824219,67.30000305175781,520065,68.30000305175781,67.9000015258789,67.9000015258789
28-10-2022,67.3499984741211,68.30000305175781,180347,68.55000305175781,67.6500015258789,67.6500015258789
31-10-2022,67.55000305175781,67.8499984741211,119000,68.69999694824219,67.75,67.75
